Date,Market Cap,,Date,Price
30/01/2024,899991947.1,,30/01/2024,0.6625616516
31/01/2024,899991947.1,,31/01/2024,0.6625616516
01/02/2024,798127261.7,,01/02/2024,0.5982748062
02/02/2024,834364156.1,,02/02/2024,0.6163722374
03/02/2024,767675776.7,,03/02/2024,0.5680136189
04/02/2024,715930705,,04/02/2024,0.5309811959
05/02/2024,728308207.3,,05/02/2024,0.5390406041
06/02/2024,720979982.7,,06/02/2024,0.5332972526
07/02/2024,752029783.5,,07/02/2024,0.5554871109
08/02/2024,693792982.7,,08/02/2024,0.5119999911
09/02/2024,689239765.5,,09/02/2024,0.509971665
10/02/2024,682141624.6,,10/02/2024,0.5042357673
11/02/2024,680776654.2,,11/02/2024,0.5046280995
12/02/2024,682153916,,12/02/2024,0.5059768885
13/02/2024,647432185.1,,13/02/2024,0.4801705817
14/02/2024,714862587.8,,14/02/2024,0.5283107786
15/02/2024,697526295.1,,15/02/2024,0.5166777083
16/02/2024,697831855,,16/02/2024,0.5149727608
17/02/2024,682322940.8,,17/02/2024,0.504636817
18/02/2024,721656230.5,,18/02/2024,0.5343454996
19/02/2024,711229345.3,,19/02/2024,0.527215165
20/02/2024,683859228.6,,20/02/2024,0.5064976221
21/02/2024,642975165.8,,21/02/2024,0.4756308416
22/02/2024,633481013.2,,22/02/2024,0.4691953264
23/02/2024,650013164.7,,23/02/2024,0.4814635762
24/02/2024,663826320.4,,24/02/2024,0.4916718701
25/02/2024,671576245.1,,25/02/2024,0.4973361237
26/02/2024,678054944.3,,26/02/2024,0.5023867752
27/02/2024,680840321.6,,27/02/2024,0.5044095337
28/02/2024,689047276.1,,28/02/2024,0.5110663486
29/02/2024,740451359,,29/02/2024,0.548674014
01/03/2024,832285379.2,,01/03/2024,0.6165745441
02/03/2024,813923209,,02/03/2024,0.6027704754
03/03/2024,851906421.7,,03/03/2024,0.6317050801
04/03/2024,800213549.4,,04/03/2024,0.5924870672
05/03/2024,784021335.1,,05/03/2024,0.5799209626
06/03/2024,791447730.6,,06/03/2024,0.5887937836
07/03/2024,1013378168,,07/03/2024,0.7518799816
08/03/2024,977180220.4,,08/03/2024,0.7237778867
09/03/2024,1004459804,,09/03/2024,0.7435941798
10/03/2024,1056421008,,10/03/2024,0.7824809949
11/03/2024,1033155215,,11/03/2024,0.7650069298
12/03/2024,1105443723,,12/03/2024,0.8203531095
13/03/2024,1248883398,,13/03/2024,0.9248795213
14/03/2024,1264818995,,14/03/2024,0.9401563569
15/03/2024,1625642076,,15/03/2024,1.202903994
16/03/2024,1780305009,,16/03/2024,1.317128282
17/03/2024,1885762361,,17/03/2024,1.390651114
18/03/2024,1862537000,,18/03/2024,1.383726506
19/03/2024,1537578679,,19/03/2024,1.133296784
20/03/2024,1821943121,,20/03/2024,1.348690848
21/03/2024,1668040701,,21/03/2024,1.233612277
22/03/2024,1641157247,,22/03/2024,1.220627873
23/03/2024,1582780250,,23/03/2024,1.17142855
24/03/2024,1756167554,,24/03/2024,1.296517314
25/03/2024,1815054325,,25/03/2024,1.343148878
26/03/2024,1819305624,,26/03/2024,1.350547849
27/03/2024,1764008824,,27/03/2024,1.30531445
28/03/2024,1787359696,,28/03/2024,1.322335916
29/03/2024,1873380484,,29/03/2024,1.388317943
30/03/2024,2016761013,,30/03/2024,1.495412056
31/03/2024,2377948541,,31/03/2024,1.7515182
01/04/2024,2260401134,,01/04/2024,1.673349515
02/04/2024,2118231382,,02/04/2024,1.568003493
03/04/2024,2125928375,,03/04/2024,1.569466244
04/04/2024,1984460076,,04/04/2024,1.47026398
05/04/2024,1817984290,,05/04/2024,1.346536695
06/04/2024,1927938136,,06/04/2024,1.427544769
07/04/2024,1883607543,,07/04/2024,1.397293338
08/04/2024,1945999128,,08/04/2024,1.439125842
09/04/2024,1798191982,,09/04/2024,1.333279662
10/04/2024,1829175314,,10/04/2024,1.354083756
11/04/2024,1711549103,,11/04/2024,1.26616219
12/04/2024,1410622620,,12/04/2024,1.045442845
13/04/2024,1322182887,,13/04/2024,0.9787497893
14/04/2024,1491024598,,14/04/2024,1.10502765
15/04/2024,1357231430,,15/04/2024,1.007777452
16/04/2024,1311417063,,16/04/2024,0.9704872828
17/04/2024,1279750702,,17/04/2024,0.9468941296
18/04/2024,1393685215,,18/04/2024,1.030025587
19/04/2024,1426399155,,19/04/2024,1.054651892
20/04/2024,1593540958,,20/04/2024,1.183517424
21/04/2024,1557883075,,21/04/2024,1.152474981
22/04/2024,1612734729,,22/04/2024,1.194595664
23/04/2024,1576785784,,23/04/2024,1.16753297
24/04/2024,1449126753,,24/04/2024,1.076501553
25/04/2024,1408529492,,25/04/2024,1.042924343
26/04/2024,1338756761,,26/04/2024,0.9914174198
27/04/2024,1366643351,,27/04/2024,1.01316512
28/04/2024,1348875808,,28/04/2024,0.9987054161
29/04/2024,1349971253,,29/04/2024,0.9992875507
30/04/2024,1244833952,,30/04/2024,0.920867971
01/05/2024,1290070893,,01/05/2024,0.9518831792
02/05/2024,1377039535,,02/05/2024,1.019745379
03/05/2024,1440859110,,03/05/2024,1.067125598
04/05/2024,1443894419,,04/05/2024,1.069702646
05/05/2024,1438127150,,05/05/2024,1.066172512
06/05/2024,1514633135,,06/05/2024,1.12123426
07/05/2024,1483175926,,07/05/2024,1.098480286
08/05/2024,1400409105,,08/05/2024,1.037207343
09/05/2024,1483695920,,09/05/2024,1.099656876
10/05/2024,1407021606,,10/05/2024,1.043147646
11/05/2024,1426676272,,11/05/2024,1.055958557
12/05/2024,1428017047,,12/05/2024,1.057978492
13/05/2024,1437843359,,13/05/2024,1.065969363
14/05/2024,1364723285,,14/05/2024,1.010052545
15/05/2024,1549742423,,15/05/2024,1.14747196
16/05/2024,1532308829,,16/05/2024,1.134361578
17/05/2024,1646668209,,17/05/2024,1.22053519
18/05/2024,1671462132,,18/05/2024,1.237601253
19/05/2024,1583033334,,19/05/2024,1.174007249
20/05/2024,1698330163,,20/05/2024,1.258761417
21/05/2024,1629244479,,21/05/2024,1.20656188
22/05/2024,1614769353,,22/05/2024,1.192189118
23/05/2024,1593034876,,23/05/2024,1.17837498
24/05/2024,1530596504,,24/05/2024,1.132733723
25/05/2024,1575838249,,25/05/2024,1.166952037
26/05/2024,1506609074,,26/05/2024,1.115608516
27/05/2024,1583050261,,27/05/2024,1.172980974
28/05/2024,1562551979,,28/05/2024,1.157305669
29/05/2024,1537379001,,29/05/2024,1.139554152
30/05/2024,1486961727,,30/05/2024,1.101751086
31/05/2024,1481381152,,31/05/2024,1.096677203
01/06/2024,1478445268,,01/06/2024,1.096107785
02/06/2024,1436737757,,02/06/2024,1.064389109
03/06/2024,1471564595,,03/06/2024,1.089989948
04/06/2024,1545514136,,04/06/2024,1.147146976
05/06/2024,1565058277,,05/06/2024,1.159435317
06/06/2024,1510471550,,06/06/2024,1.117490079
07/06/2024,1395008433,,07/06/2024,1.033437467
08/06/2024,1318428233,,08/06/2024,0.9759245782
09/06/2024,1362656721,,09/06/2024,1.009542951
10/06/2024,1308189197,,10/06/2024,0.9685165987
11/06/2024,1252004814,,11/06/2024,0.9272629474
12/06/2024,1307085608,,12/06/2024,0.9685593525
13/06/2024,1222724680,,13/06/2024,0.9044831347
14/06/2024,1171021817,,14/06/2024,0.8671864362
15/06/2024,1172974003,,15/06/2024,0.8688051116
16/06/2024,1248914142,,16/06/2024,0.9239149125
17/06/2024,1157173663,,17/06/2024,0.8566960991
18/06/2024,997656903.1,,18/06/2024,0.7405281663
19/06/2024,1039535440,,19/06/2024,0.7703831334
20/06/2024,1034748728,,20/06/2024,0.7663790323
21/06/2024,1032569927,,21/06/2024,0.7646029163
22/06/2024,1045696356,,22/06/2024,0.774816826
23/06/2024,991971888.5,,23/06/2024,0.7349288032
24/06/2024,1040087402,,24/06/2024,0.7696967286
25/06/2024,1088575743,,25/06/2024,0.806395575
26/06/2024,1055763842,,26/06/2024,0.7823438578
27/06/2024,1153686690,,27/06/2024,0.85460611
28/06/2024,1066913887,,28/06/2024,0.7892027767
29/06/2024,1070359744,,29/06/2024,0.7931526167
30/06/2024,1105705033,,30/06/2024,0.8192078815
01/07/2024,1141971275,,01/07/2024,0.8460595959
02/07/2024,1191777410,,02/07/2024,0.8835668493
03/07/2024,1048965502,,03/07/2024,0.7770662337
04/07/2024,991909269.9,,04/07/2024,0.7359361621
05/07/2024,996389453.5,,05/07/2024,0.7394447619
06/07/2024,1079924794,,06/07/2024,0.798568419
07/07/2024,931975877.8,,07/07/2024,0.6920145492
08/07/2024,981367730.6,,08/07/2024,0.7271912683
09/07/2024,1066545210,,09/07/2024,0.7892833078
10/07/2024,1052851251,,10/07/2024,0.7800420239
11/07/2024,992742457.7,,11/07/2024,0.7356631472
12/07/2024,1026972223,,12/07/2024,0.7607896135
13/07/2024,1035464295,,13/07/2024,0.7662035105
14/07/2024,1111576734,,14/07/2024,0.8224064288
15/07/2024,1229727955,,15/07/2024,0.9111980739
16/07/2024,1228531058,,16/07/2024,0.9090175601
17/07/2024,1210556153,,17/07/2024,0.8951375738
18/07/2024,1300236435,,18/07/2024,0.9631380997
19/07/2024,1371583445,,19/07/2024,1.015896691
20/07/2024,1404435554,,20/07/2024,1.040044783
21/07/2024,1463746297,,21/07/2024,1.084690409
22/07/2024,1361750795,,22/07/2024,1.008754355
23/07/2024,1286822599,,23/07/2024,0.9517829925
24/07/2024,1343613160,,24/07/2024,0.9964150751
25/07/2024,1291793328,,25/07/2024,0.9566083669
26/07/2024,1449463367,,26/07/2024,1.07299486
27/07/2024,1489036813,,27/07/2024,1.102936543
28/07/2024,1512677451,,28/07/2024,1.120115722
29/07/2024,1473630267,,29/07/2024,1.092618622
30/07/2024,1406287696,,30/07/2024,1.04169459
31/07/2024,1351576815,,31/07/2024,1.000855838
01/08/2024,1388011997,,01/08/2024,1.028019443
02/08/2024,1226451608,,02/08/2024,0.9086400598
03/08/2024,1133563898,,03/08/2024,0.8391112834
04/08/2024,1106336878,,04/08/2024,0.8196202808
05/08/2024,995166811.5,,05/08/2024,0.7371606011
06/08/2024,1114255723,,06/08/2024,0.8260380481
07/08/2024,1073135892,,07/08/2024,0.7946164257
08/08/2024,1228768540,,08/08/2024,0.9135509094
09/08/2024,1185520758,,09/08/2024,0.8805032457
10/08/2024,1172401082,,10/08/2024,0.8684603191
11/08/2024,1061452605,,11/08/2024,0.786797708
12/08/2024,1105486663,,12/08/2024,0.8194589991
13/08/2024,1104842704,,13/08/2024,0.8197361135
14/08/2024,1068500431,,14/08/2024,0.7911652656
15/08/2024,1041716454,,15/08/2024,0.7713024901
16/08/2024,1003698549,,16/08/2024,0.7431731586
17/08/2024,1025139382,,17/08/2024,0.7591551555
18/08/2024,1030549429,,18/08/2024,0.7628715472
19/08/2024,1050908487,,19/08/2024,0.7785047674
20/08/2024,1054503493,,20/08/2024,0.780655848
21/08/2024,1072783320,,21/08/2024,0.795031841
22/08/2024,1085857492,,22/08/2024,0.803554052
23/08/2024,1185847092,,23/08/2024,0.8774407674
24/08/2024,1238682329,,24/08/2024,0.9209840077
25/08/2024,1196064865,,25/08/2024,0.885972817
26/08/2024,1190005367,,26/08/2024,0.8799257643
27/08/2024,1091697007,,27/08/2024,0.8037410382
28/08/2024,1071997756,,28/08/2024,0.7915637601
29/08/2024,1044165657,,29/08/2024,0.7734560425
30/08/2024,1026578471,,30/08/2024,0.7602876602
31/08/2024,1001865267,,31/08/2024,0.7423476415
01/09/2024,953589272.5,,01/09/2024,0.7064449018
02/09/2024,1000391254,,02/09/2024,0.7417366245
03/09/2024,951690665.6,,03/09/2024,0.7042960361
04/09/2024,989233607.9,,04/09/2024,0.7327982489
05/09/2024,955698197.3,,05/09/2024,0.7076141011
06/09/2024,923804904.1,,06/09/2024,0.6842317663
07/09/2024,940334844.9,,07/09/2024,0.6983379665
08/09/2024,958561595.6,,08/09/2024,0.7085439867
09/09/2024,993065826.7,,09/09/2024,0.7355735078
10/09/2024,995460438.4,,10/09/2024,0.7375819261
11/09/2024,971797978.4,,11/09/2024,0.719192477
12/09/2024,1037281008,,12/09/2024,0.7677975702
13/09/2024,1055507692,,13/09/2024,0.7819874418
14/09/2024,1039939894,,14/09/2024,0.7703143215
15/09/2024,990710045.7,,15/09/2024,0.7337659061
16/09/2024,987249474.1,,16/09/2024,0.7303588306
17/09/2024,987441798.2,,17/09/2024,0.7312461286
18/09/2024,1011750094,,18/09/2024,0.7499301305
19/09/2024,1084137045,,19/09/2024,0.8031178902
20/09/2024,1131008197,,20/09/2024,0.8377147818
21/09/2024,1162155309,,21/09/2024,0.8604315545
22/09/2024,1113741058,,22/09/2024,0.8249485425
23/09/2024,1104748672,,23/09/2024,0.8185321222
24/09/2024,1219757742,,24/09/2024,0.9026377354
25/09/2024,1167184187,,25/09/2024,0.8655021754
26/09/2024,1265569799,,26/09/2024,0.9366611653
27/09/2024,1269265705,,27/09/2024,0.9405537129
28/09/2024,1239418483,,28/09/2024,0.9204040891
29/09/2024,1243076369,,29/09/2024,0.9199819796
30/09/2024,1174631541,,30/09/2024,0.8702520695
01/10/2024,1091879054,,01/10/2024,0.808988254
02/10/2024,1039842995,,02/10/2024,0.7703493638
03/10/2024,1002664579,,03/10/2024,0.7428423856
04/10/2024,1051017880,,04/10/2024,0.7797735978
05/10/2024,1036410417,,05/10/2024,0.7670165968
06/10/2024,1066737456,,06/10/2024,0.7896476052
07/10/2024,1037480208,,07/10/2024,0.7685724871
08/10/2024,1004703102,,08/10/2024,0.7438700184
09/10/2024,981983660.2,,09/10/2024,0.7273566377
10/10/2024,991923797.4,,10/10/2024,0.7350651045
11/10/2024,1058521424,,11/10/2024,0.7844782579
12/10/2024,1068215412,,12/10/2024,0.7913748777
13/10/2024,1070645729,,13/10/2024,0.7936082328
14/10/2024,1197332953,,14/10/2024,0.8854183908
15/10/2024,1184190555,,15/10/2024,0.8772082286
16/10/2024,1153448331,,16/10/2024,0.8550495459
17/10/2024,1104343091,,17/10/2024,0.8180427378
18/10/2024,1171326169,,18/10/2024,0.8668969586
19/10/2024,1231427063,,19/10/2024,0.915041198
20/10/2024,1312088769,,20/10/2024,0.9718978268
21/10/2024,1303518568,,21/10/2024,0.9661523405
22/10/2024,1333754538,,22/10/2024,0.9879661982
23/10/2024,1445198582,,23/10/2024,1.070577812
24/10/2024,1438812468,,24/10/2024,1.066486973
25/10/2024,1274316764,,25/10/2024,0.9492355552
26/10/2024,1318905730,,26/10/2024,0.9764658321
27/10/2024,1374762529,,27/10/2024,1.018123141
28/10/2024,1406902501,,28/10/2024,1.042289841
29/10/2024,1413311826,,29/10/2024,1.047288142
30/10/2024,1364726473,,30/10/2024,1.01014894
31/10/2024,1307024318,,31/10/2024,0.9674332912
01/11/2024,1296463730,,01/11/2024,0.9608171498
02/11/2024,1255831923,,02/11/2024,0.9309689996
03/11/2024,1196578803,,03/11/2024,0.8863979495
04/11/2024,1149873475,,04/11/2024,0.8519961307
05/11/2024,1240048374,,05/11/2024,0.91775805
06/11/2024,1401838053,,06/11/2024,1.037634097
07/11/2024,1422908518,,07/11/2024,1.055048661
08/11/2024,1503383882,,08/11/2024,1.114304666
09/11/2024,1643394834,,09/11/2024,1.216934905
10/11/2024,1686933320,,10/11/2024,1.251417452
11/11/2024,1682072463,,11/11/2024,1.244566982
12/11/2024,1585158250,,12/11/2024,1.175844581
13/11/2024,1573648318,,13/11/2024,1.164685818
14/11/2024,1437109700,,14/11/2024,1.067407729
15/11/2024,1538130849,,15/11/2024,1.139083543
16/11/2024,1507913710,,16/11/2024,1.119260063
17/11/2024,1604732710,,17/11/2024,1.190295821
18/11/2024,1583123369,,18/11/2024,1.172581174
19/11/2024,1537577642,,19/11/2024,1.139827851
20/11/2024,1452948823,,20/11/2024,1.075023752
21/11/2024,1530799635,,21/11/2024,1.134032386
22/11/2024,1508774492,,22/11/2024,1.119007383
23/11/2024,1520897200,,23/11/2024,1.128059355
24/11/2024,1525274536,,24/11/2024,1.128865157
25/11/2024,1440506872,,25/11/2024,1.067067827
26/11/2024,1393929519,,26/11/2024,1.032298876
27/11/2024,1514051515,,27/11/2024,1.122363144
28/11/2024,1525722936,,28/11/2024,1.130966332
29/11/2024,1568111847,,29/11/2024,1.161044999
30/11/2024,1569284367,,30/11/2024,1.161993469
01/12/2024,1697499444,,01/12/2024,1.253616549
02/12/2024,1611443365,,02/12/2024,1.19630387
03/12/2024,1686175895,,03/12/2024,1.247834679
04/12/2024,1740512964,,04/12/2024,1.290577233
05/12/2024,1834577622,,05/12/2024,1.357951253
06/12/2024,1805927858,,06/12/2024,1.339203806
07/12/2024,1861775838,,07/12/2024,1.376526894
08/12/2024,1812329058,,08/12/2024,1.344359586
09/12/2024,1479585139,,09/12/2024,1.095387513
10/12/2024,1415169940,,10/12/2024,1.048871731
11/12/2024,1523123913,,11/12/2024,1.128239935
12/12/2024,1536844020,,12/12/2024,1.138860775
13/12/2024,1512922611,,13/12/2024,1.121479448
14/12/2024,1464639145,,14/12/2024,1.084951211
15/12/2024,1502942292,,15/12/2024,1.112989241
16/12/2024,1439467750,,16/12/2024,1.066398352
17/12/2024,1390834921,,17/12/2024,1.028948231
18/12/2024,1250103416,,18/12/2024,0.9243732554
19/12/2024,1158171871,,19/12/2024,0.8573733803
20/12/2024,1185632182,,20/12/2024,0.8788568408
21/12/2024,1104558199,,21/12/2024,0.8183267812
22/12/2024,1097832105,,22/12/2024,0.8113965912
23/12/2024,1172455525,,23/12/2024,0.8684949374
24/12/2024,1210449480,,24/12/2024,0.8985402611
25/12/2024,1212521583,,25/12/2024,0.8984237997
26/12/2024,1126557469,,26/12/2024,0.833421745
27/12/2024,1093280931,,27/12/2024,0.8098683917
28/12/2024,1135936514,,28/12/2024,0.8410287935
29/12/2024,1085479213,,29/12/2024,0.8034535036
30/12/2024,1092937352,,30/12/2024,0.8096414681
31/12/2024,1103760778,,31/12/2024,0.8172450923
01/01/2025,1143577572,,01/01/2025,0.8472783584
02/01/2025,1246616390,,02/01/2025,0.9230197136
03/01/2025,1296241869,,03/01/2025,0.9603088399
04/01/2025,1285995504,,04/01/2025,0.9522991812
05/01/2025,1278433173,,05/01/2025,0.9460300436
06/01/2025,1290740346,,06/01/2025,0.9560453073
07/01/2025,1454349925,,07/01/2025,0.8618124428
08/01/2025,1401547576,,08/01/2025,0.8299372401
09/01/2025,1337927262,,09/01/2025,0.793234942
10/01/2025,1353954118,,10/01/2025,0.8025811972
11/01/2025,1374827089,,11/01/2025,0.8154097476
12/01/2025,1347240048,,12/01/2025,0.7994373379
13/01/2025,1303757615,,13/01/2025,0.772998677
14/01/2025,1349912832,,14/01/2025,0.8003336342
15/01/2025,1412612268,,15/01/2025,0.837349107
16/01/2025,1329414766,,16/01/2025,0.7884707805
17/01/2025,1418334783,,17/01/2025,0.8406639216
18/01/2025,1939142134,,18/01/2025,1.147087837
19/01/2025,1645226888,,19/01/2025,0.9720705064
20/01/2025,1591086889,,20/01/2025,0.9421611721
21/01/2025,1483025645,,21/01/2025,0.881061522
22/01/2025,1896549374,,22/01/2025,0.7943748803
23/01/2025,3512220844,,23/01/2025,0.7972808508
24/01/2025,3714079707,,24/01/2025,0.8433917354
25/01/2025,2084444312,,25/01/2025,0.9685319855
26/01/2025,2291760293,,26/01/2025,1.063408133
27/01/2025,1901719914,,27/01/2025,1.129963412
28/01/2025,1886659361,,28/01/2025,1.122253066
29/01/2025,1833142966,,29/01/2025,1.088034616
30/01/2025,1852983517,,30/01/2025,1.097716159
31/01/2025,1739887833,,31/01/2025,1.033904453
01/02/2025,1571441010,,01/02/2025,0.9315760701
02/02/2025,1528752868,,02/02/2025,0.9077203036
03/02/2025,3167569766,,03/02/2025,1.004851338
04/02/2025,2540851461,,04/02/2025,0.9633783256
05/02/2025,2330646328,,05/02/2025,0.8843002934
06/02/2025,2174307110,,06/02/2025,0.8254664388
07/02/2025,2115142644,,07/02/2025,0.8017574043
08/02/2025,2222919800,,08/02/2025,0.8425751166
09/02/2025,2191929247,,09/02/2025,0.8320284067
10/02/2025,2192181137,,10/02/2025,0.832382235
11/02/2025,2176341554,,11/02/2025,0.8248186121
12/02/2025,2261655194,,12/02/2025,0.8573578542
13/02/2025,2240346197,,13/02/2025,0.8498314375
14/02/2025,2515278233,,14/02/2025,0.9544258345
15/02/2025,2453013340,,15/02/2025,0.930722569
16/02/2025,2312329489,,16/02/2025,0.8762197769
17/02/2025,2148935416,,17/02/2025,0.8149871698
18/02/2025,1894184596,,18/02/2025,0.7195571554
19/02/2025,1895512085,,19/02/2025,0.7164948072
20/02/2025,2076288261,,20/02/2025,0.7871225672
21/02/2025,2027401004,,21/02/2025,0.7687006558
22/02/2025,2086545555,,22/02/2025,0.7909311574
23/02/2025,2043856826,,23/02/2025,0.7751204191
24/02/2025,1802208953,,24/02/2025,0.68425327
25/02/2025,1844403496,,25/02/2025,0.6990518019
26/02/2025,1914605035,,26/02/2025,0.7257076035
27/02/2025,1892403274,,27/02/2025,0.7178283389
28/02/2025,1997329037,,28/02/2025,0.7574885731
01/03/2025,1984410577,,01/03/2025,0.7524005904
02/03/2025,2192964491,,02/03/2025,0.8323832831
03/03/2025,1816454579,,03/03/2025,0.6747013249
04/03/2025,1738928427,,04/03/2025,0.6467691431
05/03/2025,1704564035,,05/03/2025,0.6321596216
06/03/2025,1642803309,,06/03/2025,0.6110156274
07/03/2025,1548090391,,07/03/2025,0.5758798797
08/03/2025,1482085723,,08/03/2025,0.5518472073
09/03/2025,1320311724,,09/03/2025,0.4926299488
10/03/2025,1304329476,,10/03/2025,0.4833045246
11/03/2025,1386531282,,11/03/2025,0.5148649231
12/03/2025,1375723801,,12/03/2025,0.5129403373
13/03/2025,1349164970,,13/03/2025,0.5014205362
14/03/2025,1426501096,,14/03/2025,0.5298207844
15/03/2025,1431073904,,15/03/2025,0.5319417294
16/03/2025,1319343649,,16/03/2025,0.4903073172
17/03/2025,1401685955,,17/03/2025,0.5208837256
18/03/2025,1373702962,,18/03/2025,0.5103148286
19/03/2025,1469984143,,19/03/2025,0.546431214
20/03/2025,1421120161,,20/03/2025,0.527978044
21/03/2025,1390621177,,21/03/2025,0.5167263436
22/03/2025,1403975687,,22/03/2025,0.5215962564
23/03/2025,1464828969,,23/03/2025,0.5442075249
24/03/2025,1519004331,,24/03/2025,0.5666586569
25/03/2025,1507156462,,25/03/2025,0.5601775958
26/03/2025,1441930328,,26/03/2025,0.5363284625
27/03/2025,1523076433,,27/03/2025,0.5466510174
28/03/2025,1386406945,,28/03/2025,0.4971420088
29/03/2025,1320117017,,29/03/2025,0.4733374525
30/03/2025,1342359055,,30/03/2025,0.4810238859
31/03/2025,1182874850,,31/03/2025,0.4245895741
01/04/2025,1189129844,,01/04/2025,0.425688199
02/04/2025,1084565251,,02/04/2025,0.3811582287
03/04/2025,1112200781,,03/04/2025,0.3898130296
04/04/2025,1151705300,,04/04/2025,0.4047810765
05/04/2025,1091118477,,05/04/2025,0.3852507868
06/04/2025,963876571.7,,06/04/2025,0.337803002
07/04/2025,966777298.1,,07/04/2025,0.3392434183
08/04/2025,944621207.8,,08/04/2025,0.3322660449
09/04/2025,1074205909,,09/04/2025,0.3778464332
10/04/2025,1033530509,,10/04/2025,0.3630872054
11/04/2025,1091462381,,11/04/2025,0.3839355587
12/04/2025,1157952947,,12/04/2025,0.4070174911
13/04/2025,1083225676,,13/04/2025,0.3819631837
14/04/2025,1081668630,,14/04/2025,0.3803464716
15/04/2025,1009844623,,15/04/2025,0.355243759
16/04/2025,1031583455,,16/04/2025,0.3623629125
17/04/2025,1046331419,,17/04/2025,0.3678648784
18/04/2025,1061473667,,18/04/2025,0.3734756543
19/04/2025,1132491765,,19/04/2025,0.3979429254
20/04/2025,1115752997,,20/04/2025,0.3921901195
21/04/2025,1147113746,,21/04/2025,0.4033545869
22/04/2025,1252971195,,22/04/2025,0.4402482745
23/04/2025,1288149279,,23/04/2025,0.4529071585
24/04/2025,1304501613,,24/04/2025,0.4586237015
25/04/2025,1378860135,,25/04/2025,0.4849147754
26/04/2025,1365495389,,26/04/2025,0.4801051431
27/04/2025,1321403955,,27/04/2025,0.4644922745
28/04/2025,1329845029,,28/04/2025,0.4678049048
29/04/2025,1281536937,,29/04/2025,0.4506216759
30/04/2025,1333564676,,30/04/2025,0.4685824642
01/05/2025,1318870388,,01/05/2025,0.4638408512
02/05/2025,1338648076,,02/05/2025,0.4620671419
03/05/2025,1255354741,,03/05/2025,0.4329292894
04/05/2025,1234323577,,04/05/2025,0.4265334618
05/05/2025,1244173128,,05/05/2025,0.4289190394
06/05/2025,1221715990,,06/05/2025,0.4216122085
07/05/2025,1245493189,,07/05/2025,0.4298087404
08/05/2025,1375507511,,08/05/2025,0.4750851263
09/05/2025,1563169028,,09/05/2025,0.5395608913
10/05/2025,1658427005,,10/05/2025,0.572327217
11/05/2025,1618926584,,11/05/2025,0.5585496842
12/05/2025,1626589506,,12/05/2025,0.5611551525
13/05/2025,1642229673,,13/05/2025,0.5670588617
14/05/2025,1533109674,,14/05/2025,0.5283319728
15/05/2025,1443732719,,15/05/2025,0.4981027736
16/05/2025,1436834517,,16/05/2025,0.4953039168
17/05/2025,1381506976,,17/05/2025,0.4767307852
18/05/2025,1470007450,,18/05/2025,0.5086567529
19/05/2025,1420293703,,19/05/2025,0.490104163
20/05/2025,1460904388,,20/05/2025,0.5039134636
21/05/2025,1511813656,,21/05/2025,0.5213827207
22/05/2025,1696177910,,22/05/2025,0.5850315808
23/05/2025,1616061535,,23/05/2025,0.5576816808
24/05/2025,1588725483,,24/05/2025,0.5482733468
25/05/2025,1611601932,,25/05/2025,0.5563901751
26/05/2025,1755157204,,26/05/2025,0.6068402672
27/05/2025,1820267361,,27/05/2025,0.6287252183
28/05/2025,1726451004,,28/05/2025,0.5970996433
29/05/2025,1672053519,,29/05/2025,0.5766406069
30/05/2025,1512290980,,30/05/2025,0.5221040302
31/05/2025,1522640804,,31/05/2025,0.5253473586
01/06/2025,1573479848,,01/06/2025,0.5331295558
02/06/2025,1593913680,,02/06/2025,0.5400906193
03/06/2025,1589678516,,03/06/2025,0.5384188775
04/06/2025,1530410468,,04/06/2025,0.5184459347
05/06/2025,1356896506,,05/06/2025,0.459444325
06/06/2025,1332601243,,06/06/2025,0.4515778308
07/06/2025,1362482578,,07/06/2025,0.4616602042
08/06/2025,1362476229,,08/06/2025,0.4616485738
09/06/2025,1427981758,,09/06/2025,0.4841335826
10/06/2025,1467244826,,10/06/2025,0.4980538349
11/06/2025,1376661784,,11/06/2025,0.4668165062
12/06/2025,1264215899,,12/06/2025,0.4281128946
13/06/2025,1228642965,,13/06/2025,0.4162564242
14/06/2025,1216465364,,14/06/2025,0.4121364056
15/06/2025,1275309294,,15/06/2025,0.4318082354
16/06/2025,1240075415,,16/06/2025,0.4185148945
17/06/2025,1177325482,,17/06/2025,0.3985226897
18/06/2025,1208904391,,18/06/2025,0.409423752
19/06/2025,1196602736,,19/06/2025,0.4052995535
20/06/2025,1118508772,,20/06/2025,0.3788611274
21/06/2025,1048257778,,21/06/2025,0.3552156463
22/06/2025,1020474123,,22/06/2025,0.3456616042
23/06/2025,1190190979,,23/06/2025,0.4032154149
24/06/2025,1232257422,,24/06/2025,0.4175764489
25/06/2025,1208638569,,25/06/2025,0.4096753404
26/06/2025,1158900607,,26/06/2025,0.3926589483
27/06/2025,1197393677,,27/06/2025,0.405715125
28/06/2025,1326176814,,28/06/2025,0.4512406261
29/06/2025,1374537104,,29/06/2025,0.4657826757
30/06/2025,1358744542,,30/06/2025,0.4601380351
01/07/2025,1276280834,,01/07/2025,0.4248624942
02/07/2025,1360325756,,02/07/2025,0.4530007253
03/07/2025,1380956055,,03/07/2025,0.4595351686
04/07/2025,1305103055,,04/07/2025,0.4345402954
05/07/2025,1311201363,,05/07/2025,0.4364297449
06/07/2025,1336497937,,06/07/2025,0.4450235394
07/07/2025,1310412711,,07/07/2025,0.4360598911
08/07/2025,1300013954,,08/07/2025,0.4329018345
09/07/2025,1365271826,,09/07/2025,0.4542816853
10/07/2025,1450178047,,10/07/2025,0.4834460979
11/07/2025,1465531107,,11/07/2025,0.4882416173
12/07/2025,1417554511,,12/07/2025,0.4730499145
13/07/2025,1512454146,,13/07/2025,0.5041093962
14/07/2025,1495643541,,14/07/2025,0.4977978334
15/07/2025,1542048060,,15/07/2025,0.5131174342
16/07/2025,1629105468,,16/07/2025,0.5412535347
17/07/2025,1653565674,,17/07/2025,0.5478072415
18/07/2025,1604448815,,18/07/2025,0.5343394973
19/07/2025,1637883697,,19/07/2025,0.5453237065
20/07/2025,1683249524,,20/07/2025,0.5598004527
21/07/2025,1840449803,,21/07/2025,0.6126114082
22/07/2025,1897964607,,22/07/2025,0.6336617145
23/07/2025,1737017714,,23/07/2025,0.5787115781
24/07/2025,1621163360,,24/07/2025,0.5390854129
25/07/2025,1657278859,,25/07/2025,0.5517106361
26/07/2025,1667572473,,26/07/2025,0.5547009987
27/07/2025,1770168131,,27/07/2025,0.5893366276
28/07/2025,1634244823,,28/07/2025,0.5438780693
29/07/2025,1611869949,,29/07/2025,0.5366188081
30/07/2025,1561488757,,30/07/2025,0.5195104093
31/07/2025,1477960090,,31/07/2025,0.4826212488
01/08/2025,1381602875,,01/08/2025,0.4518400803
02/08/2025,1346382420,,02/08/2025,0.4394658794
03/08/2025,1429940711,,03/08/2025,0.4678542237
04/08/2025,1489105373,,04/08/2025,0.4870919611
05/08/2025,1423054901,,05/08/2025,0.4651579439
06/08/2025,1453471940,,06/08/2025,0.4751650295
07/08/2025,1523395584,,07/08/2025,0.4984682887
08/08/2025,1526179063,,08/08/2025,0.4990244961
09/08/2025,1599086759,,09/08/2025,0.522776882
10/08/2025,1622492664,,10/08/2025,0.5314297968
11/08/2025,1513920003,,11/08/2025,0.495165875
12/08/2025,1638415653,,12/08/2025,0.5346551656
13/08/2025,1695070302,,13/08/2025,0.5534573986
14/08/2025,1562988263,,14/08/2025,0.5108878665
15/08/2025,1549160177,,15/08/2025,0.5067742553
16/08/2025,1580720355,,16/08/2025,0.5168801764
17/08/2025,1566143300,,17/08/2025,0.5115484706
18/08/2025,1505753068,,18/08/2025,0.4925098339
19/08/2025,1453891880,,19/08/2025,0.4754054515
20/08/2025,1532047802,,20/08/2025,0.5008016716
21/08/2025,1477581412,,21/08/2025,0.4831618802
22/08/2025,1622841454,,22/08/2025,0.5301586843
23/08/2025,1595638406,,23/08/2025,0.521572865
24/08/2025,1563500810,,24/08/2025,0.5106763064
25/08/2025,1407666529,,25/08/2025,0.4602669192
26/08/2025,1448566892,,26/08/2025,0.473506369
27/08/2025,1515315472,,27/08/2025,0.4954753159
28/08/2025,1616952779,,28/08/2025,0.528660015
29/08/2025,1555985499,,29/08/2025,0.5086176531
30/08/2025,1565657685,,30/08/2025,0.5029522363
31/08/2025,1526817759,,31/08/2025,0.4904003847
01/09/2025,1477417004,,01/09/2025,0.4743647842
02/09/2025,1554221705,,02/09/2025,0.499577103
03/09/2025,1551719486,,03/09/2025,0.4985479941
04/09/2025,1491264725,,04/09/2025,0.4787424503
05/09/2025,1548707821,,05/09/2025,0.4979864291
06/09/2025,1542610481,,06/09/2025,0.4957632562
07/09/2025,1574546510,,07/09/2025,0.5059524569
08/09/2025,1610493481,,08/09/2025,0.5175934059
09/09/2025,1641093805,,09/09/2025,0.5273985806
10/09/2025,1668661000,,10/09/2025,0.5362465396
11/09/2025,1695275217,,11/09/2025,0.5448538805
12/09/2025,1739904912,,12/09/2025,0.5587920507
13/09/2025,1703349655,,13/09/2025,0.547221701
14/09/2025,1668362019,,14/09/2025,0.5363094549
15/09/2025,1581036897,,15/09/2025,0.5084197985
16/09/2025,1610503381,,16/09/2025,0.5174940747
17/09/2025,1689139997,,17/09/2025,0.5430765472
18/09/2025,1737257347,,18/09/2025,0.558376803
19/09/2025,1630551519,,19/09/2025,0.5245705849
20/09/2025,1642055856,,20/09/2025,0.5279619379
21/09/2025,1621907090,,21/09/2025,0.5210211318
22/09/2025,1473354174,,22/09/2025,0.473302135
23/09/2025,1445016748,,23/09/2025,0.4641409856
24/09/2025,1468853670,,24/09/2025,0.4722869826
25/09/2025,1329443444,,25/09/2025,0.4269056555
26/09/2025,1383274255,,26/09/2025,0.444827632
27/09/2025,1366910986,,27/09/2025,0.4391455096
28/09/2025,1402928822,,28/09/2025,0.4506939537
29/09/2025,1392109798,,29/09/2025,0.4396830352
30/09/2025,1356490847,,30/09/2025,0.428582603
01/10/2025,1461071497,,01/10/2025,0.4618532842
02/10/2025,1495402533,,02/10/2025,0.4725287286
03/10/2025,1485184093,,03/10/2025,0.4691754814
04/10/2025,1443696840,,04/10/2025,0.4559638234
05/10/2025,1439772688,,05/10/2025,0.4546185096
06/10/2025,1492604923,,06/10/2025,0.4710316259
07/10/2025,1401746262,,07/10/2025,0.4432075009
08/10/2025,1425377150,,08/10/2025,0.4502416499
09/10/2025,1366397176,,09/10/2025,0.4317973619
10/10/2025,1077361945,,10/10/2025,0.3347466961
11/10/2025,1067851356,,11/10/2025,0.3372380668
12/10/2025,1181981979,,12/10/2025,0.3737821019
13/10/2025,1272129333,,13/10/2025,0.4016719648
14/10/2025,1191707376,,14/10/2025,0.3763034112
15/10/2025,1142978183,,15/10/2025,0.361263447
16/10/2025,1092115137,,16/10/2025,0.3450666934
17/10/2025,1062132099,,17/10/2025,0.335544533
18/10/2025,1080569389,,18/10/2025,0.3413806439
19/10/2025,1111270783,,19/10/2025,0.3510071539
20/10/2025,1152685642,,20/10/2025,0.3641205624
21/10/2025,1107099114,,21/10/2025,0.3497497453
22/10/2025,1083156761,,22/10/2025,0.3425263127
23/10/2025,1132953358,,23/10/2025,0.3580320562
24/10/2025,1276501676,,24/10/2025,0.4030583988
25/10/2025,1352732373,,25/10/2025,0.4274649683
26/10/2025,1376737422,,26/10/2025,0.4348243295
27/10/2025,1407163176,,27/10/2025,0.4445382022
28/10/2025,1360855596,,28/10/2025,0.4302989691
29/10/2025,1337864660,,29/10/2025,0.4165970816
30/10/2025,1286469753,,30/10/2025,0.4002601832
31/10/2025,1305591612,,31/10/2025,0.4056180648
01/11/2025,1317313200,,01/11/2025,0.4093656454
02/11/2025,1301971865,,02/11/2025,0.4052867574
03/11/2025,1166270405,,03/11/2025,0.3622513487
04/11/2025,1104582813,,04/11/2025,0.343116692
05/11/2025,1138529035,,05/11/2025,0.3537344241
06/11/2025,1087566094,,06/11/2025,0.3381699579
07/11/2025,1148233460,,07/11/2025,0.3560877359
08/11/2025,1122121241,,08/11/2025,0.3486098681
09/11/2025,1134911457,,09/11/2025,0.3526240965
10/11/2025,1175555752,,10/11/2025,0.3647337777
11/11/2025,1080012276,,11/11/2025,0.3350224531
12/11/2025,1065935782,,12/11/2025,0.3311841975
13/11/2025,1007618991,,13/11/2025,0.3124655355
14/11/2025,902440567.3,,14/11/2025,0.2800123074
15/11/2025,913797507,,15/11/2025,0.2838321362
16/11/2025,890876400.4,,16/11/2025,0.2766147788
17/11/2025,839989536.1,,17/11/2025,0.2615343507
18/11/2025,856838053.7,,18/11/2025,0.2662668611
19/11/2025,842281490.8,,19/11/2025,0.2617985142
20/11/2025,821079565.5,,20/11/2025,0.2545753662
21/11/2025,777321041.2,,21/11/2025,0.2415395458
22/11/2025,756776307.9,,22/11/2025,0.2351934176
23/11/2025,759815275.9,,23/11/2025,0.2360249643
24/11/2025,797763865.3,,24/11/2025,0.2476635669
25/11/2025,777717939.3,,25/11/2025,0.2520837181
26/11/2025,790873806.5,,26/11/2025,0.2565351154
27/11/2025,787694962.6,,27/11/2025,0.2554908619
28/11/2025,783395186.9,,28/11/2025,0.2496869776
29/11/2025,773805290.5,,29/11/2025,0.2467707426
30/11/2025,773659762.1,,30/11/2025,0.246219204
01/12/2025,719528800.5,,01/12/2025,0.2294146231
02/12/2025,775605479.3,,02/12/2025,0.2471386749
03/12/2025,801603743.3,,03/12/2025,0.2556341703
04/12/2025,766075122.8,,04/12/2025,0.2443241711
05/12/2025,716708158,,05/12/2025,0.2286637974
06/12/2025,711279706,,06/12/2025,0.2268474239
07/12/2025,687696731.3,,07/12/2025,0.2196189374
08/12/2025,712159428.1,,08/12/2025,0.2270261808
09/12/2025,733616690.4,,09/12/2025,0.2336524334
10/12/2025,712447573.7,,10/12/2025,0.2268051512
11/12/2025,680819181.2,,11/12/2025,0.2166456633
12/12/2025,630154112.5,,12/12/2025,0.2008657265
13/12/2025,639690346.6,,13/12/2025,0.2039205487
14/12/2025,608582953.3,,14/12/2025,0.1939754847
15/12/2025,593140579.3,,15/12/2025,0.1890758943
16/12/2025,605756848.6,,16/12/2025,0.1931666388
17/12/2025,580036799.9,,17/12/2025,0.1849036472
18/12/2025,546925680.4,,18/12/2025,0.1742889178
19/12/2025,605169293.3,,19/12/2025,0.1927349101
20/12/2025,614405990.3,,20/12/2025,0.1958846927
21/12/2025,602058015.9,,21/12/2025,0.1919956474
22/12/2025,601199062,,22/12/2025,0.1918011357
23/12/2025,596895248.6,,23/12/2025,0.1902731902
24/12/2025,611961291.3,,24/12/2025,0.1950641274
25/12/2025,607193639.5,,25/12/2025,0.1936661791
26/12/2025,626713955.2,,26/12/2025,0.2000908228
27/12/2025,634284994.4,,27/12/2025,0.2022244224
28/12/2025,636962936,,28/12/2025,0.1997144482
29/12/2025,599459347.6,,29/12/2025,0.1878890327
30/12/2025,606882003,,30/12/2025,0.1903616145
31/12/2025,601535488.3,,31/12/2025,0.1884875274
01/01/2026,636174554.8,,01/01/2026,0.1994183108
02/01/2026,670754220.5,,02/01/2026,0.210228992
03/01/2026,671807710.8,,03/01/2026,0.2105895775
04/01/2026,695236211.9,,04/01/2026,0.2179924302
05/01/2026,714801376.4,,05/01/2026,0.2240197844
06/01/2026,737110395.4,,06/01/2026,0.2310085121
07/01/2026,692088343.9,,07/01/2026,0.2170733628
08/01/2026,681097413.9,,08/01/2026,0.2133598008
09/01/2026,681136185.5,,09/01/2026,0.2134100151
10/01/2026,664685237.7,,10/01/2026,0.2085127645
11/01/2026,676624848.1,,11/01/2026,0.2121105179
12/01/2026,660752519.7,,12/01/2026,0.2069552566
13/01/2026,717556438.4,,13/01/2026,0.225128879
14/01/2026,742593324.8,,14/01/2026,0.2326719525
15/01/2026,699166976.7,,15/01/2026,0.2191458115
16/01/2026,722138630.9,,16/01/2026,0.2263893498
17/01/2026,706357390.4,,17/01/2026,0.2213970562
18/01/2026,671757357.4,,18/01/2026,0.2099746957
19/01/2026,644826062.4,,19/01/2026,0.202091294
20/01/2026,604476529.6,,20/01/2026,0.1893866223
21/01/2026,616736925.6,,21/01/2026,0.193309227
22/01/2026,615897110.3,,22/01/2026,0.193054439
23/01/2026,619238500.1,,23/01/2026,0.194162753
24/01/2026,631744317.6,,24/01/2026,0.1980590591
25/01/2026,592626578.7,,25/01/2026,0.1857726996
26/01/2026,608429297.7,,26/01/2026,0.1906526134
27/01/2026,666605090.3,,27/01/2026,0.2056395502
28/01/2026,696336870.1,,28/01/2026,0.2150400897
29/01/2026,647939313.4,,29/01/2026,0.1996738614
30/01/2026,658751212.7,,30/01/2026,0.2032732492
31/01/2026,582558536.6,,31/01/2026,0.1798074015
01/02/2026,568411736.5,,01/02/2026,0.1747779271
02/02/2026,614554115.2,,02/02/2026,0.1893637823
03/02/2026,632165903.8,,03/02/2026,0.1946069473
04/02/2026,609976477.6,,04/02/2026,0.1878849932
05/02/2026,510098492.4,,05/02/2026,0.1563580456
06/02/2026,544627776,,06/02/2026,0.1678476825
07/02/2026,543837344.9,,07/02/2026,0.1676040732
08/02/2026,516776355.1,,08/02/2026,0.1593578451
09/02/2026,493553594.8,,09/02/2026,0.1518752635
10/02/2026,461692558,,10/02/2026,0.1423229437
11/02/2026,444951058.9,,11/02/2026,0.1371413534
12/02/2026,448933998.8,,12/02/2026,0.1383888459
13/02/2026,497315243.7,,13/02/2026,0.1532882355
14/02/2026,539348780.6,,14/02/2026,0.1661782872
15/02/2026,525814097.9,,15/02/2026,0.162168166
16/02/2026,528161033.8,,16/02/2026,0.1630110266
17/02/2026,533147402.2,,17/02/2026,0.1643686723
18/02/2026,493335110.1,,18/02/2026,0.1520845827
19/02/2026,488656521.9,,19/02/2026,0.150623098
20/02/2026,518010765,,20/02/2026,0.1596934961
21/02/2026,512299751.1,,21/02/2026,0.1579116821
22/02/2026,486553691.8,,22/02/2026,0.1500935967
23/02/2026,472419564,,23/02/2026,0.1456322261
24/02/2026,470429399.6,,24/02/2026,0.1449429818
25/02/2026,516219631.5,,25/02/2026,0.1594957029
26/02/2026,540080617.5,,26/02/2026,0.154425276
27/02/2026,534097787.3,,27/02/2026,0.1527252106
28/02/2026,562623321.4,,28/02/2026,0.1616061038
01/03/2026,576812383.4,,01/03/2026,0.1648467187
02/03/2026,616155603.2,,02/03/2026,0.176189164
03/03/2026,632579240,,03/03/2026,0.1808809417
04/03/2026,665116080.7,,04/03/2026,0.1901006281
05/03/2026,653231189.6,,05/03/2026,0.1867216637
06/03/2026,618304601,,06/03/2026,0.1767320619
07/03/2026,596657711.9,,07/03/2026,0.1705645959
08/03/2026,574494455,,08/03/2026,0.1642192346
09/03/2026,560179447.5,,09/03/2026,0.160104083
10/03/2026,585755236.2,,10/03/2026,0.1673213708
11/03/2026,577395596,,11/03/2026,0.1650482011
12/03/2026,569130137.3,,12/03/2026,0.162741954
13/03/2026,576925438.3,,13/03/2026,0.1649325568
14/03/2026,562107893.7,,14/03/2026,0.1606844762
15/03/2026,569992294.7,,15/03/2026,0.1629812873
16/03/2026,592723792.7,,16/03/2026,0.1694773191
17/03/2026,601916168.9,,17/03/2026,0.1720955654
18/03/2026,570804043.8,,18/03/2026,0.1632411476
19/03/2026,557459731.5,,19/03/2026,0.159401008
20/03/2026,557957984.5,,20/03/2026,0.1595301401
21/03/2026,549053970.1,,21/03/2026,0.1566836673
22/03/2026,534168192.3,,22/03/2026,0.1525670521
23/03/2026,535953182.3,,23/03/2026,0.1532822042
24/03/2026,545962576.1,,24/03/2026,0.1560817714
25/03/2026,541350194.4,,25/03/2026,0.1548090556
26/03/2026,520458216,,26/03/2026,0.1489741971
27/03/2026,497729674.6,,27/03/2026,0.1423172782
28/03/2026,512438605.8,,28/03/2026,0.1443398994
29/03/2026,502648092.5,,29/03/2026,0.1415845915
30/03/2026,535403787.6,,30/03/2026,0.1507750963
31/03/2026,562100271.3,,31/03/2026,0.1582968794
01/04/2026,552042766.9,,01/04/2026,0.1553803644
02/04/2026,549995086.2,,02/04/2026,0.154902277
03/04/2026,579510870,,03/04/2026,0.1632824382
04/04/2026,577952260.8,,04/04/2026,0.162800654
05/04/2026,576680736.1,,05/04/2026,0.1624136865
06/04/2026,567885983.5,,06/04/2026,0.1599492988
07/04/2026,609004427.6,,07/04/2026,0.1714887628
08/04/2026,568998739.1,,08/04/2026,0.1602291021
09/04/2026,573235902.5,,09/04/2026,0.1614312853
10/04/2026,589825920.6,,10/04/2026,0.1661100262
11/04/2026,588526384.1,,11/04/2026,0.1657369599
12/04/2026,568550888.8,,12/04/2026,0.1601698847
13/04/2026,606574511.7,,13/04/2026,0.1706757646
14/04/2026,588238169.4,,14/04/2026,0.1656082862
15/04/2026,600455014.1,,15/04/2026,0.1691537801
16/04/2026,639542408.2,,16/04/2026,0.1801554267
17/04/2026,657961858.6,,17/04/2026,0.1852752907
18/04/2026,637170957,,18/04/2026,0.1793960924
19/04/2026,599799521.3,,19/04/2026,0.1688934218
20/04/2026,600522103.8,,20/04/2026,0.1691363131
21/04/2026,609837990.2,,21/04/2026,0.1719200557
22/04/2026,611596300.4,,22/04/2026,0.1721208607
23/04/2026,615678630.2,,23/04/2026,0.1734208671
24/04/2026,616235827,,24/04/2026,0.1736024358
25/04/2026,612810350.6,,25/04/2026,0.1725888021
26/04/2026,652664196.9,,26/04/2026,0.1831951265
27/04/2026,698371722.1,,27/04/2026,0.193825946
28/04/2026,625938349.7,,28/04/2026,0.1884801774
29/04/2026,602937956.2,,29/04/2026,0.1819463305
30/04/2026,597711229.9,,30/04/2026,0.1800126817
01/05/2026,592821338.5,,01/05/2026,0.1785333216
02/05/2026,599587157.9,,02/05/2026,0.1805043135
03/05/2026,589592000.7,,03/05/2026,0.1774571925
04/05/2026,591122427.7,,04/05/2026,0.178005877
05/05/2026,636695270.5,,05/05/2026,0.1916683119
06/05/2026,656944028.6,,06/05/2026,0.1978024539
07/05/2026,683457380.4,,07/05/2026,0.2058491269
08/05/2026,806951829.7,,08/05/2026,0.2432322288
09/05/2026,827748306.1,,09/05/2026,0.2492953223
10/05/2026,888121939.7,,10/05/2026,0.2672554563
11/05/2026,828220923.8,,11/05/2026,0.2498242423
12/05/2026,770057094,,12/05/2026,0.2318715049
13/05/2026,737960396.9,,13/05/2026,0.2223591102
14/05/2026,746098514.2,,14/05/2026,0.224753187
15/05/2026,697802284.9,,15/05/2026,0.2101446964
16/05/2026,660213737.6,,16/05/2026,0.1988408153
17/05/2026,636862661,,17/05/2026,0.1930164496
18/05/2026,662762826.9,,18/05/2026,0.1995922065
19/05/2026,647433376.3,,19/05/2026,0.1949855399
20/05/2026,706509624.3,,20/05/2026,0.2124335089
21/05/2026,709415475.5,,21/05/2026,0.2136063161
22/05/2026,661073648.6,,22/05/2026,0.1992389149
23/05/2026,705023856.4,,23/05/2026,0.2123970349
24/05/2026,667784469.6,,24/05/2026,0.2009463923
25/05/2026,670553867.9,,25/05/2026,0.202011607
26/05/2026,658607084.3,,26/05/2026,0.1982267
27/05/2026,627388723.9,,27/05/2026,0.1890663156
28/05/2026,581660604.3,,28/05/2026,0.1751882384
29/05/2026,618419987.5,,29/05/2026,0.186273132
30/05/2026,611878943.1,,30/05/2026,0.1843970919
31/05/2026,631096162.9,,31/05/2026,0.1901666393
01/06/2026,663287549.5,,01/06/2026,0.2007690336
02/06/2026,644665015.7,,02/06/2026,0.1939881159
03/06/2026,664699413.7,,03/06/2026,0.2001912211
04/06/2026,602441392.2,,04/06/2026,0.1814351744
05/06/2026,519239610.3,,05/06/2026,0.1569669892
06/06/2026,507634070,,06/06/2026,0.1526693298
07/06/2026,518338782.9,,07/06/2026,0.1561138027
08/06/2026,527263520.6,,08/06/2026,0.1588074651
09/06/2026,513888470.8,,09/06/2026,0.1548881121
10/06/2026,488233979.8,,10/06/2026,0.1472149665
11/06/2026,537042038.6,,11/06/2026,0.1617358384
12/06/2026,552939910.6,,12/06/2026,0.1666593785
13/06/2026,575600841,,13/06/2026,0.1733433275
14/06/2026,594306176.9,,14/06/2026,0.1789839188
15/06/2026,639243310.3,,15/06/2026,0.1923670627